{
    "accuracy": 0.9004276114844227,
    "precision": 0.6612021857923497,
    "recall": 0.545045045045045,
    "auc": 0.8095661032056791
}
